"Id";"Designator";"Package";"Quantity";"Designation";"Supplier and ref";
1;"R11,R10,R15";"0402-TIGHT";3;"1k";;;
2;"LED1";"LED-0603";1;"RED";;;
3;"R2,R16";"0402-TIGHT";2;"10k";;;
4;"U$3";"OSHW-LOGO-MINI";1;"OSHW-LOGOMINI";;;
5;"C6";"0402-TIGHT";1;"1.0uF";;;
6;"F1";"0805";1;"6V 0.5A";;;
7;"D2";"SOD-323";1;"3A/10V/280mV";;;
8;"U1";"SOT23-5";1;"3.3V";;;
9;"R1,R3";"0402-TIGHT";2;"5.1k";;;
10;"C7,C8";"0402-TIGHT";2;"10uF";;;
11;"S1";"TACTILE_SWITCH_SMD_4.6X2.8MM";1;"Reset";;;
12;"J3,J4";"1X12_CASTELLATED";2;"CONN_12CASTLE";;;
13;"R5,R7";"0402-TIGHT";2;"2.2k";;;
14;"JP14";"USB-SOLDER-PADS";1;"USB_SOLDER_PADS";;;
15;"J5";"USB-C-16P_4LAYER-PADS";1;"USB Female Type C Connector";;;
16;"C11,C13";"0402-TIGHT";2;"15pF";;;
17;"U2";"QFN-56";1;"RP2040";;;
18;"C9,C12,C14,C15,C16,C17,C18,C19,C29";"0402-TIGHT";9;"0.1uF";;;
19;"R12,R13";"0402-TIGHT";2;"27";;;
20;"C20,C21,C22,C23";"0402-TIGHT";4;"2.2uF";;;
21;"R14";"0402-TIGHT";1;"200";;;
22;"Y1";"CRYSTAL-SMD-2X2.5MM";1;"12MHz";;;
23;"U4";"WSON-8-6X5-SKINNY_CENTERPAD";1;"W25QXX128MBIT";;;
24;"S2";"TACTILE_SWITCH_SMD_4.6X2.8MM";1;"Boot";;;
25;"TP1,TP2";"PAD.03X.05";2;"TEST-POINT3X5";;;
